subject_id,site,n_runs_used,DX,DX_binary,Gender,Age
1018959,KKI,2,0,0,0.0,12.36
1019436,KKI,2,3,1,1.0,12.98
1043241,KKI,2,0,0,1.0,9.12
1266183,KKI,2,0,0,0.0,9.67
1535233,KKI,2,0,0,1.0,9.64
1541812,KKI,2,1,1,0.0,8.45
1577042,KKI,2,1,1,1.0,9.06
1594156,KKI,2,0,0,1.0,12.87
1623716,KKI,2,1,1,0.0,12.65
1638334,KKI,2,0,0,0.0,10.44
1652369,KKI,2,0,0,0.0,10.6
1686265,KKI,2,0,0,1.0,8.02
1692275,KKI,2,0,0,0.0,10.78
1735881,KKI,2,0,0,0.0,9.39
1779922,KKI,2,0,0,1.0,10.84
1842819,KKI,2,0,0,1.0,10.09
1846346,KKI,2,0,0,0.0,8.91
1873761,KKI,2,1,1,0.0,10.36
1962503,KKI,2,0,0,0.0,8.67
1988015,KKI,2,0,0,1.0,11.17
1996183,KKI,2,3,1,1.0,11.04
2014113,KKI,2,1,1,1.0,10.35
2018106,KKI,2,0,0,1.0,11.66
2026113,KKI,2,1,1,0.0,12.99
2081148,KKI,2,1,1,0.0,9.43
2104012,KKI,2,0,0,1.0,9.62
2138826,KKI,2,0,0,0.0,8.46
2299519,KKI,2,1,1,1.0,11.89
2344857,KKI,2,0,0,0.0,8.92
2360428,KKI,2,0,0,1.0,8.56
2371032,KKI,2,0,0,0.0,10.73
2554127,KKI,2,0,0,1.0,9.02
2558999,KKI,2,0,0,1.0,8.87
2572285,KKI,2,0,0,1.0,8.33
2601925,KKI,2,0,0,1.0,9.58
2618929,KKI,2,0,0,1.0,10.09
2621228,KKI,2,0,0,0.0,8.98
2640795,KKI,2,0,0,1.0,12.47
2641332,KKI,2,0,0,0.0,10.38
2703289,KKI,2,0,0,1.0,11.1
2740232,KKI,2,0,0,1.0,11.09
2768273,KKI,2,0,0,0.0,9.24
2822304,KKI,2,0,0,0.0,9.62
2903997,KKI,2,0,0,0.0,11.91
2917777,KKI,2,0,0,1.0,12.66
2930625,KKI,2,0,0,1.0,9.97
3103809,KKI,2,0,0,1.0,9.3
3119327,KKI,2,3,1,1.0,10.15
3154996,KKI,2,3,1,1.0,11.65
3160561,KKI,2,1,1,1.0,11.95
3170319,KKI,2,1,1,0.0,9.52
3310328,KKI,2,2,1,1.0,9.97
3434578,KKI,2,0,0,0.0,8.12
3486975,KKI,2,0,0,0.0,11.73
3519022,KKI,2,1,1,0.0,8.1
3611827,KKI,2,1,1,1.0,9.08
3699991,KKI,2,0,0,1.0,12.77
3713230,KKI,2,0,0,0.0,11.67
3813783,KKI,2,0,0,0.0,10.55
3884955,KKI,2,0,0,1.0,11.84
3902469,KKI,2,0,0,1.0,10.64
3912996,KKI,2,0,0,0.0,9.79
3917422,KKI,2,1,1,1.0,8.19
3972472,KKI,2,0,0,0.0,9.12
3972956,KKI,2,0,0,1.0,10.12
4104523,KKI,2,0,0,1.0,12.43
4154182,KKI,2,0,0,0.0,9.75
4275075,KKI,2,3,1,0.0,10.5
4362730,KKI,2,1,1,0.0,8.99
4601682,KKI,2,0,0,0.0,11.02
5216908,KKI,2,0,0,1.0,10.82
6346605,KKI,2,0,0,1.0,10.69
6453038,KKI,2,1,1,0.0,8.72
7129258,KKI,2,0,0,1.0,9.73
7415617,KKI,2,0,0,1.0,10.9
7774305,KKI,2,0,0,0.0,11.22
8083695,KKI,2,0,0,1.0,8.62
8263351,KKI,2,0,0,1.0,8.34
8337695,KKI,2,1,1,1.0,8.8
8432725,KKI,2,0,0,0.0,11.51
8628223,KKI,2,0,0,0.0,10.81
8658218,KKI,2,0,0,1.0,9.75
9922944,KKI,2,0,0,1.0,10.3
1000804,NYU,4,0,0,1.0,7.29
1023964,NYU,4,3,1,1.0,8.29
1057962,NYU,2,1,1,1.0,8.78
1099481,NYU,4,1,1,0.0,8.04
1127915,NYU,4,0,0,0.0,12.44
1187766,NYU,4,1,1,1.0,12.79
1208795,NYU,4,3,1,0.0,9.57
1283494,NYU,2,1,1,1.0,8.61
1320247,NYU,4,0,0,1.0,8.59
1359325,NYU,4,0,0,1.0,10.76
1435954,NYU,4,0,0,1.0,11.92
1471736,NYU,4,3,1,1.0,13.32
1497055,NYU,4,1,1,1.0,8.56
1511464,NYU,4,3,1,1.0,10.12
1517240,NYU,2,1,1,1.0,10.06
1567356,NYU,4,0,0,0.0,8.91
1700637,NYU,4,0,0,0.0,7.68
1737393,NYU,4,0,0,1.0,11.24
1740607,NYU,4,3,1,0.0,10.26
1780174,NYU,4,1,1,1.0,11.18
1854959,NYU,4,0,0,0.0,12.99
1875084,NYU,2,0,0,0.0,7.17
1884448,NYU,4,0,0,1.0,8.91
1918630,NYU,4,1,1,1.0,7.55
1934623,NYU,4,0,0,0.0,8.45
1992284,NYU,4,1,1,1.0,7.26
1995121,NYU,2,0,0,1.0,11.43
2030383,NYU,4,1,1,1.0,13.56
2054438,NYU,4,1,1,1.0,8.11
2107638,NYU,4,1,1,1.0,10.41
2136051,NYU,4,0,0,1.0,9.23
2230510,NYU,4,1,1,1.0,9.17
2260910,NYU,4,1,1,1.0,12.07
2297413,NYU,2,3,1,1.0,11.06
2306976,NYU,4,1,1,1.0,11.53
2497695,NYU,4,1,1,1.0,11.61
2570769,NYU,4,1,1,1.0,13.49
2682736,NYU,4,1,1,1.0,10.78
2730704,NYU,4,0,0,0.0,10.21
2735617,NYU,4,0,0,1.0,11.42
2741068,NYU,4,1,1,1.0,8.53
2773205,NYU,2,3,1,0.0,8.38
2821683,NYU,4,3,1,1.0,10.69
2854839,NYU,4,3,1,1.0,9.17
2907383,NYU,4,0,0,0.0,12.24
2950672,NYU,4,1,1,1.0,11.28
2983819,NYU,4,3,1,0.0,12.28
2991307,NYU,4,0,0,1.0,8.3
2996531,NYU,4,3,1,1.0,12.62
3011311,NYU,4,0,0,0.0,11.56
3163200,NYU,4,0,0,1.0,11.91
3174224,NYU,2,1,1,1.0,8.49
3235580,NYU,4,1,1,0.0,8.61
3243657,NYU,4,0,0,1.0,8.56
3349205,NYU,4,3,1,0.0,10.21
3349423,NYU,4,0,0,0.0,12.59
3433846,NYU,4,1,1,1.0,10.36
3441455,NYU,4,3,1,1.0,9.26
3457975,NYU,4,1,1,0.0,7.86
3518345,NYU,4,0,0,0.0,7.67
3542588,NYU,4,1,1,0.0,8.05
3601861,NYU,4,1,1,0.0,9.24
3619797,NYU,2,1,1,1.0,7.49
3650634,NYU,4,0,0,0.0,13.25
3653737,NYU,4,1,1,1.0,9.38
3662296,NYU,4,0,0,0.0,12.45
3679455,NYU,4,1,1,1.0,11.97
3845761,NYU,4,0,0,1.0,8.19
3999344,NYU,2,0,0,0.0,9.27
4060823,NYU,4,3,1,1.0,11.8
4079254,NYU,4,0,0,1.0,10.19
4084645,NYU,4,0,0,0.0,7.63
4095229,NYU,2,1,1,1.0,9.32
4116166,NYU,4,1,1,0.0,10.81
4154672,NYU,4,1,1,1.0,9.23
4164316,NYU,2,0,0,1.0,10.69
4187857,NYU,4,1,1,1.0,13.28
4562206,NYU,2,0,0,0.0,7.91
4827048,NYU,2,0,0,0.0,13.22
5164727,NYU,4,1,1,0.0,10.16
5971050,NYU,4,1,1,1.0,7.24
6206397,NYU,4,0,0,0.0,11.56
6568351,NYU,4,0,0,0.0,8.1
8009688,NYU,4,3,1,0.0,11.33
8415034,NYU,4,0,0,0.0,11.79
8692452,NYU,4,0,0,1.0,12.25
8697774,NYU,4,1,1,1.0,9.92
8834383,NYU,4,0,0,1.0,8.8
8915162,NYU,4,1,1,1.0,10.7
9326955,NYU,4,1,1,1.0,10.92
9578663,NYU,4,0,0,0.0,8.26
9750701,NYU,4,0,0,1.0,10.74
9907452,NYU,4,3,1,1.0,9.98
10001,NYU,4,3,1,0.0,11.17
10003,NYU,2,0,0,0.0,9.29
10004,NYU,4,0,0,0.0,13.75
10005,NYU,2,2,1,1.0,11.92
10009,NYU,4,0,0,1.0,12.1
10010,NYU,4,0,0,1.0,11.32
10012,NYU,4,1,1,0.0,12.41
10018,NYU,2,1,1,1.0,11.54
10020,NYU,2,1,1,0.0,8.37
10021,NYU,4,0,0,0.0,12.54
10022,NYU,4,1,1,1.0,12.12
10023,NYU,4,0,0,1.0,13.42
10028,NYU,4,3,1,1.0,9.42
10030,NYU,4,3,1,1.0,12.41
10038,NYU,4,0,0,0.0,12.79
10034,NYU,4,0,0,0.0,10.86
10031,NYU,2,0,0,0.0,11.87
10032,NYU,2,1,1,1.0,11.1
10035,NYU,4,3,1,1.0,8.95
10037,NYU,4,1,1,1.0,10.9
10039,NYU,4,0,0,1.0,13.28
10042,NYU,2,1,1,1.0,10.65
10044,NYU,4,1,1,,9.81
10050,NYU,4,1,1,1.0,17.43
10051,NYU,4,3,1,1.0,15.4
10052,NYU,4,0,0,1.0,16.31
10053,NYU,4,0,0,0.0,15.28
10056,NYU,4,3,1,1.0,15.63
10057,NYU,4,0,0,1.0,17.7
10058,NYU,4,0,0,1.0,14.2
10059,NYU,4,0,0,0.0,17.89
10054,NYU,4,0,0,1.0,17.83
10048,NYU,4,1,1,1.0,14.95
10060,NYU,2,1,1,1.0,8.75
10047,NYU,2,1,1,1.0,12.72
10061,NYU,2,3,1,1.0,11.41
10062,NYU,4,3,1,1.0,16.14
10063,NYU,4,0,0,0.0,15.91
10064,NYU,2,1,1,1.0,15.9
10065,NYU,4,0,0,0.0,14.19
10066,NYU,4,0,0,0.0,13.9
10067,NYU,4,3,1,1.0,13.1
10068,NYU,4,0,0,1.0,13.3
10069,NYU,4,0,0,1.0,16.93
10119,NYU,2,3,1,1.0,7.77
10109,NYU,4,1,1,1.0,16.08
10110,NYU,4,0,0,0.0,16.08
10111,NYU,2,0,0,1.0,7.74
10046,NYU,4,0,0,1.0,9.75
10112,NYU,4,0,0,1.0,14.79
10107,NYU,4,3,1,1.0,17.37
10019,NYU,4,1,1,1.0,14.81
10077,NYU,4,0,0,0.0,8.03
10078,NYU,4,1,1,1.0,8.19
10079,NYU,4,0,0,1.0,15.27
10080,NYU,4,0,0,0.0,17.86
10008,NYU,4,0,0,0.0,14.48
10014,NYU,4,0,0,0.0,7.55
10089,NYU,4,0,0,0.0,14.87
10090,NYU,4,1,1,1.0,16.32
10091,NYU,4,1,1,1.0,8.93
10092,NYU,4,0,0,1.0,17.3
10045,NYU,4,0,0,1.0,12.49
10093,NYU,4,0,0,0.0,15.21
10094,NYU,4,0,0,0.0,15.21
10095,NYU,4,1,1,1.0,14.39
10096,NYU,4,3,1,1.0,14.94
10097,NYU,4,0,0,0.0,14.38
10099,NYU,4,0,0,0.0,9.96
10100,NYU,4,0,0,1.0,16.88
10101,NYU,4,1,1,1.0,14.2
10102,NYU,4,0,0,1.0,16.55
10108,NYU,4,3,1,0.0,17.15
10002,NYU,4,3,1,0.0,13.24
10011,NYU,4,3,1,0.0,9.16
10113,NYU,4,0,0,0.0,14.91
10114,NYU,4,0,0,1.0,16.73
10115,NYU,4,3,1,1.0,15.32
10006,NYU,2,0,0,0.0,11.18
10024,NYU,4,0,0,1.0,8.26
10015,NYU,4,3,1,1.0,11.21
10106,NYU,4,3,1,1.0,11.82
10116,NYU,4,3,1,1.0,16.77
10117,NYU,4,0,0,1.0,9.35
10118,NYU,4,1,1,1.0,13.33
10120,NYU,4,0,0,0.0,17.09
10026,NYU,4,1,1,1.0,11.73
10121,NYU,4,0,0,0.0,14.18
10122,NYU,4,0,0,1.0,16.28
10123,NYU,4,0,0,1.0,16.13
10082,NYU,4,0,0,1.0,11.4
10074,NYU,2,1,1,1.0,8.06
10075,NYU,4,3,1,1.0,11.09
10076,NYU,4,0,0,0.0,15.95
10103,NYU,2,1,1,1.0,9.59
10081,NYU,4,3,1,0.0,15.81
10083,NYU,4,0,0,0.0,14.42
10084,NYU,4,0,0,0.0,17.96
10085,NYU,4,1,1,0.0,11.37
10036,NYU,2,0,0,0.0,9.45
10086,NYU,4,1,1,1.0,15.83
10087,NYU,4,3,1,1.0,17.61
10025,NYU,4,1,1,1.0,8.75
10029,NYU,4,1,1,0.0,13.09
10017,NYU,4,1,1,1.0,12.38
10049,NYU,2,1,1,1.0,7.35
10070,NYU,4,0,0,1.0,10.52
10071,NYU,4,3,1,1.0,14.09
10033,NYU,4,3,1,1.0,10.97
10072,NYU,2,1,1,1.0,7.25
10073,NYU,4,1,1,1.0,14.46
10104,NYU,4,3,1,1.0,13.35
10088,NYU,4,0,0,1.0,14.66
10040,NYU,4,1,1,1.0,9.94
10124,NYU,4,0,0,0.0,14.06
10041,NYU,2,2,1,1.0,9.22
10125,NYU,4,0,0,1.0,7.19
10007,NYU,4,3,1,0.0,11.41
10126,NYU,2,1,1,1.0,9.7
10128,NYU,2,0,0,1.0,9.53
10129,NYU,4,3,1,0.0,8.39
10013,NYU,4,1,1,1.0,9.55
10043,NYU,4,0,0,1.0,8.16
1056121,Peking_1,2,0,0,1.0,13.92
1113498,Peking_1,2,0,0,0.0,14.83
1133221,Peking_1,2,1,1,1.0,12.33
1139030,Peking_1,2,0,0,0.0,11.33
1186237,Peking_1,2,3,1,1.0,13.92
1240299,Peking_1,2,1,1,1.0,9.5
1258069,Peking_1,2,0,0,0.0,9.92
1282248,Peking_1,2,3,1,1.0,10.58
1302449,Peking_1,2,0,0,0.0,8.58
1391181,Peking_1,2,0,0,0.0,9.83
1408093,Peking_1,2,0,0,1.0,11.92
1469171,Peking_1,2,0,0,0.0,11.58
1561488,Peking_1,2,3,1,1.0,10.92
1686092,Peking_1,2,0,0,0.0,9.67
1689948,Peking_1,2,0,0,0.0,11.75
1791543,Peking_1,2,3,1,0.0,9.33
1805037,Peking_1,2,0,0,0.0,10.08
1875711,Peking_1,2,0,0,0.0,9.75
1879542,Peking_1,2,0,0,1.0,13.58
1912810,Peking_1,2,0,0,0.0,10.33
1947991,Peking_1,2,3,1,1.0,9.42
2081754,Peking_1,2,0,0,0.0,12.17
2106109,Peking_1,2,0,0,0.0,9.92
2123983,Peking_1,2,0,0,0.0,11.67
2174595,Peking_1,2,1,1,1.0,9.83
2196753,Peking_1,2,3,1,1.0,10.33
2240562,Peking_1,2,0,0,0.0,11.83
2249443,Peking_1,2,0,0,0.0,12.0
2266806,Peking_1,2,0,0,1.0,11.25
2367157,Peking_1,2,1,1,1.0,12.08
2408774,Peking_1,2,0,0,0.0,13.08
2427408,Peking_1,2,0,0,0.0,14.08
2535087,Peking_1,2,0,0,1.0,13.33
2538839,Peking_1,2,0,0,0.0,8.92
2697768,Peking_1,2,3,1,1.0,12.58
2703336,Peking_1,2,0,0,0.0,11.5
2714224,Peking_1,2,0,0,0.0,10.0
2833684,Peking_1,2,0,0,1.0,10.42
2897046,Peking_1,2,3,1,0.0,9.17
2910270,Peking_1,2,3,1,1.0,13.83
3004580,Peking_1,2,0,0,1.0,14.0
3086074,Peking_1,2,0,0,1.0,11.5
3212536,Peking_1,2,0,0,1.0,12.17
3233028,Peking_1,2,0,0,0.0,10.42
3239413,Peking_1,2,0,0,0.0,9.25
3262042,Peking_1,2,0,0,0.0,9.75
3269608,Peking_1,2,0,0,1.0,12.08
3306863,Peking_1,2,0,0,0.0,8.58
3390312,Peking_1,2,3,1,1.0,10.33
3554582,Peking_1,2,0,0,0.0,10.75
3587000,Peking_1,2,0,0,0.0,9.92
3593327,Peking_1,2,0,0,1.0,10.0
3672854,Peking_1,2,0,0,0.0,8.42
3707771,Peking_1,2,0,0,1.0,10.42
3732101,Peking_1,2,0,0,0.0,10.42
3739175,Peking_1,2,0,0,0.0,10.83
3809753,Peking_1,2,0,0,0.0,9.08
3889095,Peking_1,2,0,0,1.0,11.92
3967265,Peking_1,2,0,0,0.0,13.42
3976121,Peking_1,2,1,1,1.0,11.0
3983607,Peking_1,2,1,1,1.0,9.67
4028266,Peking_1,2,3,1,1.0,9.25
4053836,Peking_1,2,0,0,0.0,9.92
4091983,Peking_1,2,3,1,0.0,12.17
4095748,Peking_1,2,1,1,1.0,10.5
4256491,Peking_1,2,0,0,0.0,12.0
4334113,Peking_1,2,3,1,1.0,14.58
4383707,Peking_1,2,0,0,0.0,9.67
4475709,Peking_1,2,0,0,0.0,9.58
4921428,Peking_1,2,0,0,1.0,9.58
5150328,Peking_1,2,3,1,0.0,15.92
5193577,Peking_1,2,3,1,0.0,9.0
5600820,Peking_1,2,0,0,0.0,11.92
6187322,Peking_1,2,0,0,0.0,9.92
7093319,Peking_1,2,0,0,1.0,11.42
7135128,Peking_1,2,0,0,0.0,13.92
7390867,Peking_1,2,3,1,1.0,17.33
8328877,Peking_1,2,0,0,0.0,13.75
8838009,Peking_1,2,0,0,0.0,14.25
9093997,Peking_1,2,0,0,0.0,11.58
9210521,Peking_1,2,3,1,1.0,9.25
9221927,Peking_1,2,0,0,1.0,11.83
9783279,Peking_1,2,0,0,0.0,12.75
9887336,Peking_1,2,0,0,1.0,11.33
9890726,Peking_1,2,0,0,0.0,9.25
3655623,Peking_2,2,0,0,1.0,13.83
3248920,Peking_2,2,0,0,1.0,12.17
2659769,Peking_2,2,0,0,1.0,14.25
9640133,Peking_2,2,0,0,1.0,13.75
4055710,Peking_2,2,3,1,1.0,13.33
1050975,Peking_2,2,0,0,1.0,13.58
1809715,Peking_2,2,3,1,1.0,13.5
1916266,Peking_2,2,0,0,1.0,13.17
1117299,Peking_2,2,0,0,1.0,13.5
2559537,Peking_2,2,0,0,1.0,11.17
2296326,Peking_2,2,0,0,1.0,12.17
7407032,Peking_2,2,0,0,1.0,13.42
3157406,Peking_2,2,0,0,1.0,14.0
3994098,Peking_2,2,0,0,1.0,12.75
3561920,Peking_2,2,1,1,1.0,13.75
2140063,Peking_2,2,0,0,1.0,9.42
3610134,Peking_2,2,0,0,1.0,10.83
3494778,Peking_2,2,0,0,1.0,9.17
2033178,Peking_2,2,0,0,1.0,11.33
1562298,Peking_2,2,0,0,1.0,9.58
1093743,Peking_2,2,0,0,1.0,11.92
1177160,Peking_2,2,0,0,0.0,10.5
1860323,Peking_2,2,0,0,1.0,8.75
1494102,Peking_2,2,0,0,1.0,10.33
2498847,Peking_2,2,0,0,1.0,9.75
1875013,Peking_2,2,0,0,1.0,9.83
1068505,Peking_2,2,0,0,1.0,10.25
3993793,Peking_2,2,0,0,1.0,10.33
2310449,Peking_2,2,0,0,1.0,10.33
3308331,Peking_2,2,0,0,1.0,9.08
4265987,Peking_2,2,0,0,1.0,10.08
3562883,Peking_2,2,0,0,1.0,11.25
9578631,Peking_2,2,0,0,1.0,14.33
2377207,Peking_2,2,0,0,1.0,13.83
7011503,Peking_2,2,0,0,1.0,13.33
8278680,Peking_2,2,3,1,1.0,13.25
4075719,Peking_2,2,1,1,1.0,13.08
2737106,Peking_2,2,3,1,1.0,14.17
1159908,Peking_2,2,1,1,1.0,15.08
4053388,Peking_2,2,1,1,1.0,11.08
7689953,Peking_2,2,3,1,1.0,13.5
2884672,Peking_2,2,3,1,1.0,12.83
2601519,Peking_2,2,3,1,1.0,13.83
2529026,Peking_2,2,3,1,1.0,13.33
6500128,Peking_2,2,3,1,1.0,11.33
1628610,Peking_2,2,1,1,1.0,14.92
3691107,Peking_2,2,1,1,1.0,9.67
4221029,Peking_2,2,1,1,1.0,9.67
3856956,Peking_2,2,3,1,1.0,13.75
1643780,Peking_2,2,1,1,1.0,10.0
3910672,Peking_2,2,1,1,1.0,10.08
3194757,Peking_2,2,3,1,1.0,12.92
2141250,Peking_2,2,3,1,1.0,12.83
9002207,Peking_2,2,1,1,1.0,11.17
3446674,Peking_2,2,3,1,1.0,14.58
2031422,Peking_2,2,3,1,1.0,10.92
4073815,Peking_2,2,3,1,1.0,9.83
1341865,Peking_2,2,1,1,1.0,9.25
7253183,Peking_2,2,3,1,1.0,13.17
5993008,Peking_2,2,3,1,1.0,12.25
4225073,Peking_2,2,3,1,1.0,10.33
1094669,Peking_2,2,1,1,1.0,12.42
2950754,Peking_2,2,1,1,1.0,13.33
2207418,Peking_2,2,1,1,1.0,13.17
2919220,Peking_2,2,3,1,1.0,13.58
3827352,Peking_2,2,3,1,1.0,15.83
3205761,Peking_2,2,1,1,1.0,14.58
1050345,Peking_3,2,0,0,1.0,12.67
1132854,Peking_3,2,0,0,1.0,13.92
1356553,Peking_3,2,1,1,1.0,11.75
1399863,Peking_3,2,1,1,1.0,12.83
1404738,Peking_3,2,0,0,1.0,12.58
1411536,Peking_3,2,0,0,1.0,13.17
1662160,Peking_3,2,0,0,1.0,12.58
1771270,Peking_3,2,3,1,1.0,14.42
1794770,Peking_3,2,0,0,1.0,11.75
1843546,Peking_3,2,3,1,1.0,14.08
2107404,Peking_3,2,0,0,1.0,13.08
2208591,Peking_3,2,0,0,1.0,12.5
2228148,Peking_3,2,1,1,1.0,13.75
2268253,Peking_3,2,0,0,1.0,14.83
2276801,Peking_3,2,3,1,1.0,13.0
2493190,Peking_3,2,0,0,1.0,13.33
2524687,Peking_3,2,3,1,1.0,14.33
2780647,Peking_3,2,1,1,1.0,13.58
2907951,Peking_3,2,3,1,1.0,16.0
2940712,Peking_3,2,3,1,1.0,13.08
2984158,Peking_3,2,3,1,1.0,14.17
3224401,Peking_3,2,0,0,1.0,12.92
3277313,Peking_3,2,0,0,1.0,12.33
3291029,Peking_3,2,3,1,1.0,14.83
3385520,Peking_3,2,0,0,1.0,13.5
3473830,Peking_3,2,0,0,1.0,12.67
3624598,Peking_3,2,0,0,1.0,14.58
3672300,Peking_3,2,3,1,1.0,14.0
3712305,Peking_3,2,3,1,1.0,11.0
3803759,Peking_3,2,3,1,1.0,13.17
3870624,Peking_3,2,1,1,1.0,11.0
3930512,Peking_3,2,0,0,1.0,12.58
4006710,Peking_3,2,3,1,1.0,14.0
4048810,Peking_3,2,0,0,1.0,14.67
4136226,Peking_3,2,0,0,1.0,11.25
4241194,Peking_3,2,1,1,1.0,11.67
5575344,Peking_3,2,0,0,1.0,13.75
5669389,Peking_3,2,0,0,1.0,13.75
6383713,Peking_3,2,1,1,1.0,11.75
6477085,Peking_3,2,0,0,1.0,13.0
7994085,Peking_3,2,0,0,1.0,14.92
8191384,Peking_3,2,0,0,1.0,13.42
1084283,OHSU,6,1,1,1.0,11.0
1084884,OHSU,6,0,0,0.0,9.41666666666667
1108916,OHSU,6,1,1,1.0,8.5
1206380,OHSU,6,3,1,1.0,9.16666666666667
1340333,OHSU,6,1,1,0.0,7.41666666666667
1386056,OHSU,6,0,0,1.0,8.0
1411223,OHSU,6,1,1,1.0,8.75
1418396,OHSU,6,0,0,1.0,8.66666666666667
1421489,OHSU,6,0,0,1.0,8.75
1481430,OHSU,6,0,0,1.0,11.9166666666667
1502229,OHSU,6,0,0,0.0,8.58333333333333
1536593,OHSU,6,1,1,0.0,8.58333333333333
1548937,OHSU,6,0,0,1.0,11.1666666666667
1552181,OHSU,6,3,1,0.0,9.83333333333333
1647968,OHSU,2,0,0,0.0,11.0
1664335,OHSU,6,0,0,0.0,9.0
1679142,OHSU,6,0,0,1.0,10.3333333333333
1696588,OHSU,6,0,0,0.0,8.75
1743472,OHSU,6,1,1,1.0,8.75
2054310,OHSU,6,1,1,1.0,8.41666666666667
2054998,OHSU,6,0,0,0.0,7.33333333333333
2071989,OHSU,6,1,1,1.0,8.25
2124248,OHSU,6,0,0,0.0,9.33333333333333
2155356,OHSU,6,0,0,0.0,9.33333333333333
2232376,OHSU,6,0,0,0.0,10.3333333333333
2232413,OHSU,6,0,0,1.0,9.16666666666667
2288903,OHSU,6,1,1,1.0,7.41666666666667
2292940,OHSU,6,1,1,1.0,8.0
2409220,OHSU,6,0,0,1.0,7.66666666666667
2415970,OHSU,6,3,1,1.0,8.58333333333333
2426523,OHSU,6,0,0,0.0,7.91666666666667
2427434,OHSU,6,0,0,0.0,8.08333333333333
2455205,OHSU,6,1,1,1.0,7.5
2535204,OHSU,6,1,1,1.0,8.41666666666667
2559559,OHSU,6,3,1,1.0,7.91666666666667
2561174,OHSU,6,1,1,1.0,8.66666666666667
2571197,OHSU,6,1,1,1.0,7.66666666666667
2578455,OHSU,6,0,0,0.0,9.5
2620872,OHSU,6,1,1,1.0,8.91666666666667
2790141,OHSU,8,3,1,0.0,9.0
2845989,OHSU,6,3,1,0.0,7.66666666666667
2920716,OHSU,6,0,0,1.0,7.5
2929195,OHSU,6,2,1,1.0,9.58333333333333
2947936,OHSU,6,0,0,1.0,8.5
2959809,OHSU,6,0,0,0.0,9.08333333333333
3048401,OHSU,6,0,0,0.0,11.5833333333333
3051944,OHSU,6,0,0,1.0,11.75
3052540,OHSU,6,1,1,1.0,9.16666666666667
3162671,OHSU,6,0,0,1.0,8.5
3206978,OHSU,6,0,0,0.0,8.25
3212875,OHSU,6,0,0,0.0,8.66666666666667
3244985,OHSU,6,0,0,1.0,7.16666666666667
3286474,OHSU,6,2,1,0.0,8.08333333333333
3302025,OHSU,6,0,0,0.0,9.0
3358877,OHSU,6,1,1,0.0,8.5
3466651,OHSU,6,1,1,1.0,8.08333333333333
3470141,OHSU,6,1,1,1.0,8.5
3560456,OHSU,6,1,1,0.0,7.83333333333333
3652932,OHSU,6,3,1,1.0,7.66666666666667
3677724,OHSU,6,3,1,1.0,9.16666666666667
3684229,OHSU,6,3,1,0.0,8.83333333333333
3812101,OHSU,6,0,0,0.0,8.83333333333333
3848511,OHSU,6,0,0,0.0,8.08333333333333
3869075,OHSU,6,0,0,1.0,8.66666666666667
3899622,OHSU,6,0,0,0.0,8.25
4016887,OHSU,6,1,1,1.0,9.08333333333333
4046678,OHSU,6,0,0,0.0,8.58333333333333
4072305,OHSU,8,3,1,0.0,9.25
4103874,OHSU,6,0,0,0.0,7.33333333333333
4219416,OHSU,6,0,0,0.0,8.25
4529116,OHSU,6,0,0,0.0,8.42
5302451,OHSU,6,3,1,1.0,11.3333333333333
6592761,OHSU,6,0,0,1.0,7.58333333333333
6953386,OHSU,6,1,1,1.0,11.8333333333333
7333005,OHSU,6,1,1,1.0,9.0
8064456,OHSU,6,0,0,0.0,9.25
8218392,OHSU,6,0,0,1.0,8.33333333333333
8720244,OHSU,6,3,1,0.0,10.3333333333333
9499804,OHSU,6,0,0,1.0,8.16666666666667
1017176,NeuroIMAGE,2,0,0,0.0,11.66
1125505,NeuroIMAGE,2,0,0,1.0,19.3
1208586,NeuroIMAGE,2,2,1,1.0,20.89
1312097,NeuroIMAGE,2,0,0,1.0,15.41
1411495,NeuroIMAGE,2,0,0,0.0,15.21
1438162,NeuroIMAGE,2,1,1,0.0,11.85
1538046,NeuroIMAGE,2,0,0,0.0,14.59
1585708,NeuroIMAGE,2,1,1,1.0,15.96
1588809,NeuroIMAGE,2,0,0,0.0,20.08
2029723,NeuroIMAGE,2,1,1,1.0,16.5
2074737,NeuroIMAGE,2,2,1,1.0,14.09
2352986,NeuroIMAGE,2,0,0,1.0,20.47
2419464,NeuroIMAGE,2,0,0,0.0,20.04
2574674,NeuroIMAGE,2,0,0,0.0,14.05
2671604,NeuroIMAGE,2,0,0,1.0,17.46
2756846,NeuroIMAGE,2,0,0,0.0,19.27
2876903,NeuroIMAGE,2,2,1,1.0,11.05
2961243,NeuroIMAGE,2,1,1,1.0,16.51
3007585,NeuroIMAGE,2,0,0,1.0,19.05
3048588,NeuroIMAGE,2,1,1,1.0,13.92
3082137,NeuroIMAGE,2,1,1,1.0,17.93
3108222,NeuroIMAGE,2,1,1,1.0,13.33
3190461,NeuroIMAGE,2,2,1,1.0,19.88
3304956,NeuroIMAGE,2,0,0,1.0,15.78
3322144,NeuroIMAGE,2,1,1,1.0,17.5
3449233,NeuroIMAGE,2,1,1,1.0,20.15
3515506,NeuroIMAGE,2,3,1,1.0,18.8
3566449,NeuroIMAGE,2,1,1,1.0,17.78
3808273,NeuroIMAGE,2,1,1,1.0,14.25
3858891,NeuroIMAGE,2,0,0,1.0,18.32
3888614,NeuroIMAGE,2,1,1,1.0,16.8
3941358,NeuroIMAGE,2,1,1,1.0,18.2
3959823,NeuroIMAGE,2,0,0,0.0,17.5
3980079,NeuroIMAGE,2,1,1,1.0,19.15
4020830,NeuroIMAGE,2,0,0,0.0,18.19
4134561,NeuroIMAGE,2,0,0,1.0,15.55
4239636,NeuroIMAGE,2,1,1,1.0,20.54
4285031,NeuroIMAGE,2,0,0,1.0,12.84
4919979,NeuroIMAGE,2,1,1,0.0,12.02
5045355,NeuroIMAGE,2,1,1,0.0,19.66
6115230,NeuroIMAGE,2,0,0,1.0,19.39
7339173,NeuroIMAGE,2,0,0,0.0,21.74
7446626,NeuroIMAGE,2,2,1,0.0,13.81
7504392,NeuroIMAGE,2,1,1,0.0,18.01
8387093,NeuroIMAGE,2,2,1,1.0,18.59
8409791,NeuroIMAGE,2,0,0,1.0,17.59
8991934,NeuroIMAGE,2,0,0,0.0,17.01
9956994,NeuroIMAGE,2,0,0,0.0,18.02
15001,WashU,12,0,0,1.0,9.94
15002,WashU,12,0,0,0.0,7.17
15003,WashU,12,0,0,1.0,9.18
15004,WashU,12,0,0,0.0,7.46
15005,WashU,4,0,0,0.0,21.13
15006,WashU,4,0,0,0.0,21.81
15007,WashU,4,0,0,0.0,21.22
15008,WashU,4,0,0,0.0,8.64
15010,WashU,2,0,0,0.0,7.63
15012,WashU,2,0,0,0.0,8.96
15013,WashU,2,0,0,0.0,7.67
15014,WashU,2,0,0,0.0,7.09
15015,WashU,2,0,0,0.0,8.1
15016,WashU,2,0,0,1.0,8.3
15017,WashU,2,0,0,1.0,8.02
15019,WashU,2,0,0,1.0,8.28
15020,WashU,2,0,0,0.0,8.41
15021,WashU,2,0,0,0.0,7.52
15022,WashU,2,0,0,1.0,9.17
15023,WashU,2,0,0,0.0,7.77
15024,WashU,2,0,0,1.0,7.25
15025,WashU,2,0,0,0.0,7.75
15026,WashU,6,0,0,0.0,10.11
15027,WashU,6,0,0,0.0,14.89
15028,WashU,6,0,0,1.0,9.23
15029,WashU,6,0,0,1.0,11.24
15030,WashU,6,0,0,1.0,14.45
15031,WashU,6,0,0,1.0,12.35
15032,WashU,6,0,0,1.0,10.9
15033,WashU,6,0,0,0.0,11.96
15034,WashU,6,0,0,1.0,10.28
15035,WashU,6,0,0,1.0,11.17
15036,WashU,6,0,0,0.0,12.77
15037,WashU,6,0,0,0.0,14.43
15038,WashU,2,0,0,1.0,12.38
15039,WashU,6,0,0,0.0,14.25
15040,WashU,6,0,0,1.0,15.0
15041,WashU,6,0,0,1.0,14.73
15042,WashU,6,0,0,1.0,13.66
15043,WashU,6,0,0,1.0,14.56
15044,WashU,6,0,0,1.0,10.35
15045,WashU,6,0,0,1.0,13.18
15046,WashU,4,0,0,1.0,9.63
15047,WashU,6,0,0,1.0,13.07
15048,WashU,6,0,0,1.0,11.62
15049,WashU,6,0,0,1.0,9.98
15050,WashU,6,0,0,0.0,11.43
15051,WashU,4,0,0,1.0,8.16
15052,WashU,6,0,0,1.0,21.83
15053,WashU,6,0,0,0.0,15.29
15054,WashU,6,0,0,0.0,13.47
15055,WashU,4,0,0,0.0,9.2
15056,WashU,4,0,0,1.0,10.97
15057,WashU,6,0,0,1.0,21.24
15058,WashU,6,0,0,0.0,14.08
15059,WashU,6,0,0,0.0,9.05
15060,WashU,6,0,0,1.0,9.76
15061,WashU,6,0,0,1.0,12.04
15062,WashU,6,0,0,1.0,12.88
16058,Pittsburgh,2,0,0,0.0,17.01
16046,Pittsburgh,2,0,0,0.0,14.99
16060,Pittsburgh,2,0,0,1.0,17.16
16048,Pittsburgh,2,0,0,1.0,15.56
16029,Pittsburgh,2,0,0,1.0,13.11
16089,Pittsburgh,2,0,0,0.0,20.45
16004,Pittsburgh,2,0,0,1.0,10.49
16078,Pittsburgh,2,0,0,1.0,18.72
16073,Pittsburgh,2,0,0,1.0,18.48
16086,Pittsburgh,2,0,0,1.0,18.93
16072,Pittsburgh,2,0,0,1.0,18.43
16088,Pittsburgh,2,0,0,0.0,19.66
16012,Pittsburgh,2,0,0,1.0,11.41
16075,Pittsburgh,2,0,0,0.0,18.52
16041,Pittsburgh,2,0,0,0.0,14.82
16080,Pittsburgh,2,0,0,0.0,18.8
16087,Pittsburgh,2,0,0,1.0,18.96
16024,Pittsburgh,2,0,0,0.0,12.65
16043,Pittsburgh,2,0,0,0.0,14.85
16006,Pittsburgh,2,0,0,1.0,10.76
16084,Pittsburgh,2,0,0,1.0,18.9
16082,Pittsburgh,2,0,0,0.0,18.85
16034,Pittsburgh,2,0,0,0.0,13.87
16016,Pittsburgh,2,0,0,1.0,11.71
16005,Pittsburgh,2,0,0,0.0,10.57
16001,Pittsburgh,2,0,0,1.0,10.11
16017,Pittsburgh,2,0,0,0.0,11.75
16026,Pittsburgh,2,0,0,1.0,12.88
16037,Pittsburgh,2,0,0,1.0,14.15
16053,Pittsburgh,2,0,0,1.0,15.92
16050,Pittsburgh,2,0,0,1.0,15.78
16039,Pittsburgh,2,0,0,1.0,14.57
16013,Pittsburgh,2,0,0,1.0,11.53
16067,Pittsburgh,2,0,0,0.0,17.91
16031,Pittsburgh,2,0,0,1.0,13.53
16036,Pittsburgh,2,0,0,1.0,13.97
16022,Pittsburgh,2,0,0,0.0,12.47
16044,Pittsburgh,2,0,0,1.0,14.85
16063,Pittsburgh,2,0,0,1.0,17.46
16038,Pittsburgh,2,0,0,1.0,14.24
16070,Pittsburgh,2,0,0,0.0,18.31
16061,Pittsburgh,2,0,0,1.0,17.23
16042,Pittsburgh,2,0,0,0.0,14.84
16055,Pittsburgh,2,0,0,1.0,16.16
16049,Pittsburgh,2,0,0,0.0,15.69
16059,Pittsburgh,2,0,0,0.0,17.13
16045,Pittsburgh,2,0,0,0.0,14.89
16010,Pittsburgh,2,0,0,1.0,11.24
16047,Pittsburgh,2,0,0,0.0,15.15
16076,Pittsburgh,2,0,0,0.0,18.6
16069,Pittsburgh,2,0,0,0.0,18.14
16066,Pittsburgh,2,0,0,0.0,17.86
16062,Pittsburgh,2,0,0,0.0,17.44
16077,Pittsburgh,2,0,0,0.0,18.72
16052,Pittsburgh,2,0,0,1.0,15.91
16064,Pittsburgh,2,0,0,1.0,17.49
16027,Pittsburgh,2,0,0,1.0,12.91
16009,Pittsburgh,2,0,0,1.0,11.12
16056,Pittsburgh,2,0,0,0.0,16.28
16068,Pittsburgh,2,0,0,0.0,17.96
16018,Pittsburgh,2,0,0,0.0,12.12
16074,Pittsburgh,2,0,0,0.0,18.49
16085,Pittsburgh,2,0,0,0.0,18.9
16071,Pittsburgh,2,0,0,0.0,18.33
16008,Pittsburgh,2,0,0,1.0,11.03
16025,Pittsburgh,2,0,0,1.0,12.71
16033,Pittsburgh,2,0,0,1.0,13.68
16028,Pittsburgh,2,0,0,1.0,13.03
16007,Pittsburgh,2,0,0,0.0,10.93
16030,Pittsburgh,2,0,0,1.0,13.44
16021,Pittsburgh,2,0,0,1.0,12.41
16083,Pittsburgh,2,0,0,1.0,18.86
16020,Pittsburgh,2,0,0,0.0,12.35
16014,Pittsburgh,2,0,0,1.0,11.69
16079,Pittsburgh,2,0,0,1.0,18.74
16051,Pittsburgh,2,0,0,0.0,15.88
16040,Pittsburgh,2,0,0,0.0,14.63
16019,Pittsburgh,2,0,0,0.0,12.23
16065,Pittsburgh,2,0,0,0.0,17.84
16081,Pittsburgh,2,0,0,1.0,18.81
16032,Pittsburgh,2,0,0,0.0,13.65
16003,Pittsburgh,2,0,0,1.0,10.46
16011,Pittsburgh,2,0,0,0.0,11.28
16057,Pittsburgh,2,0,0,0.0,16.74
16015,Pittsburgh,2,0,0,1.0,11.7
16035,Pittsburgh,2,0,0,1.0,13.94
16023,Pittsburgh,2,0,0,0.0,12.51
16054,Pittsburgh,2,0,0,1.0,16.05
16002,Pittsburgh,2,0,0,0.0,10.16
