Model,Format,K,Comparison,Flip Rate,b,c,p,Scorable,Skipped,Note
DeepSeek-V4,Hub,5,Baseline vs Clinical,0.468,187,153,0.0734,726,42,
DeepSeek-V4,Hub,5,Random vs Clinical,0.458,167,153,0.4675,698,70,
DeepSeek-V4,Hub,5,Baseline vs Random,0.455,176,155,0.2716,728,40,
DeepSeek-V4,Hub,10,Baseline vs Clinical,0.477,164,186,0.2616,733,35,
DeepSeek-V4,Hub,10,Random vs Clinical,0.468,152,178,0.1687,705,63,
DeepSeek-V4,Hub,10,Baseline vs Random,0.47,178,164,0.4821,727,41,
DeepSeek-V4,hub+Prompt,5,Baseline vs Clinical,0.306,104,118,0.383,725,43,
DeepSeek-V4,hub+Prompt,5,Random vs Clinical,0.256,88,103,0.3111,746,22,
DeepSeek-V4,hub+Prompt,5,Baseline vs Random,0.315,112,111,1.0,707,61,
DeepSeek-V4,hub+Prompt,10,Baseline vs Clinical,0.329,106,132,0.1049,723,45,
DeepSeek-V4,hub+Prompt,10,Random vs Clinical,0.288,108,106,0.9455,743,25,
DeepSeek-V4,hub+Prompt,10,Baseline vs Random,0.32,101,124,0.1423,704,64,
DeepSeek-V4,hub+Prompt+Net,5,Baseline vs Clinical,0.427,149,171,0.2404,750,18,
DeepSeek-V4,hub+Prompt+Net,5,Random vs Clinical,0.423,147,176,0.1191,763,5,
DeepSeek-V4,hub+Prompt+Net,5,Baseline vs Random,0.431,164,159,0.8239,749,19,
DeepSeek-V4,hub+Prompt+Net,10,Baseline vs Clinical,0.456,158,183,0.1936,747,21,
DeepSeek-V4,hub+Prompt+Net,10,Random vs Clinical,0.451,167,175,0.7051,759,9,
DeepSeek-V4,hub+Prompt+Net,10,Baseline vs Random,0.455,164,176,0.5509,748,20,
R1-Distill,Hub,5,Baseline vs Clinical,0.405,175,123,0.0031,736,32,
R1-Distill,Hub,5,Random vs Clinical,0.461,147,133,0.4373,608,160,
R1-Distill,Hub,5,Baseline vs Random,0.493,170,135,0.0514,619,149,
R1-Distill,Hub,10,Baseline vs Clinical,0.389,181,103,0.0,731,37,
R1-Distill,Hub,10,Random vs Clinical,0.21,84,68,0.2236,723,45,
R1-Distill,Hub,10,Baseline vs Random,0.406,179,120,0.0008,737,31,
R1-Distill,hub+Prompt,5,Baseline vs Clinical,0.495,139,95,0.0048,473,295,
R1-Distill,hub+Prompt,5,Random vs Clinical,0.494,111,118,0.6918,464,304,
R1-Distill,hub+Prompt,5,Baseline vs Random,0.511,160,107,0.0014,523,245,
R1-Distill,hub+Prompt,10,Baseline vs Clinical,0.604,170,106,0.0001,457,311,
R1-Distill,hub+Prompt,10,Random vs Clinical,0.437,75,88,0.3473,373,395,
R1-Distill,hub+Prompt,10,Baseline vs Random,0.585,158,99,0.0003,439,329,
R1-Distill,hub+Prompt+Net,5,Baseline vs Clinical,0.376,140,98,0.0077,633,135,
R1-Distill,hub+Prompt+Net,5,Random vs Clinical,0.392,113,118,0.7925,589,179,
R1-Distill,hub+Prompt+Net,5,Baseline vs Random,0.373,146,86,0.0001,622,146,
R1-Distill,hub+Prompt+Net,10,Baseline vs Clinical,0.518,189,126,0.0005,608,160,
R1-Distill,hub+Prompt+Net,10,Random vs Clinical,0.454,125,111,0.3975,520,248,
R1-Distill,hub+Prompt+Net,10,Baseline vs Random,0.402,134,93,0.0078,564,204,
Llama,Hub,5,Baseline vs Clinical,0.443,197,143,0.004,768,0,
Llama,Hub,5,Random vs Clinical,0.414,176,142,0.0641,768,0,
Llama,Hub,5,Baseline vs Random,0.333,138,118,0.235,768,0,
Llama,Hub,10,Baseline vs Clinical,0.487,200,174,0.196,768,0,
Llama,Hub,10,Random vs Clinical,0.453,190,158,0.0964,768,0,
Llama,Hub,10,Baseline vs Random,0.453,171,177,0.7887,768,0,
Llama,hub+Prompt,5,Baseline vs Clinical,0.423,184,141,0.0197,768,0,
Llama,hub+Prompt,5,Random vs Clinical,0.314,114,127,0.4396,768,0,
Llama,hub+Prompt,5,Baseline vs Random,0.38,174,118,0.0012,768,0,
Llama,hub+Prompt,10,Baseline vs Clinical,0.475,201,164,0.0594,768,0,
Llama,hub+Prompt,10,Random vs Clinical,0.447,181,162,0.3311,768,0,
Llama,hub+Prompt,10,Baseline vs Random,0.443,179,161,0.3566,768,0,
Llama,hub+Prompt+Net,5,Baseline vs Clinical,0.383,164,130,0.0541,768,0,
Llama,hub+Prompt+Net,5,Random vs Clinical,0.402,153,156,0.9094,768,0,
Llama,hub+Prompt+Net,5,Baseline vs Random,0.389,168,131,0.0372,768,0,
Llama,hub+Prompt+Net,10,Baseline vs Clinical,0.431,173,158,0.4416,768,0,
Llama,hub+Prompt+Net,10,Random vs Clinical,0.445,176,166,0.6266,768,0,
Llama,hub+Prompt+Net,10,Baseline vs Random,0.408,159,154,0.8212,768,0,
Qwen2.5,Hub,5,Baseline vs Clinical,0.023,11,7,0.4807,768,0,
Qwen2.5,Hub,5,Random vs Clinical,0.03,13,10,0.6776,768,0,
Qwen2.5,Hub,5,Baseline vs Random,0.025,10,9,1.0,768,0,
Qwen2.5,Hub,10,Baseline vs Clinical,0.023,11,7,0.4807,768,0,
Qwen2.5,Hub,10,Random vs Clinical,0.016,8,4,0.3877,768,0,
Qwen2.5,Hub,10,Baseline vs Random,0.018,7,7,1.0,768,0,
Qwen2.5,hub+Prompt,5,Baseline vs Clinical,0.031,15,9,0.3075,768,0,
Qwen2.5,hub+Prompt,5,Random vs Clinical,0.059,23,22,1.0,768,0,
Qwen2.5,hub+Prompt,5,Baseline vs Random,0.033,15,10,0.4244,768,0,
Qwen2.5,hub+Prompt,10,Baseline vs Clinical,0.026,11,9,0.8238,768,0,
Qwen2.5,hub+Prompt,10,Random vs Clinical,0.138,30,76,0.0,768,0,
Qwen2.5,hub+Prompt,10,Baseline vs Random,0.13,74,26,0.0,768,0,
Qwen2.5,hub+Prompt+Net,5,Baseline vs Clinical,0.001,0,1,1.0,768,0,
Qwen2.5,hub+Prompt+Net,5,Random vs Clinical,0.007,3,2,1.0,768,0,
Qwen2.5,hub+Prompt+Net,5,Baseline vs Random,0.005,1,3,0.625,768,0,
Qwen2.5,hub+Prompt+Net,10,Baseline vs Clinical,0.01,5,3,0.7266,768,0,
Qwen2.5,hub+Prompt+Net,10,Random vs Clinical,0.061,18,29,0.1439,768,0,
Qwen2.5,hub+Prompt+Net,10,Baseline vs Random,0.053,27,14,0.0596,768,0,
Qwen3,Hub,5,Baseline vs Clinical,0.214,82,82,1.0,768,0,
Qwen3,Hub,5,Random vs Clinical,0.402,192,117,0.0,768,0,
Qwen3,Hub,5,Baseline vs Random,0.384,110,185,0.0,768,0,
Qwen3,Hub,10,Baseline vs Clinical,0.185,81,61,0.1105,768,0,
Qwen3,Hub,10,Random vs Clinical,0.16,61,62,1.0,768,0,
Qwen3,Hub,10,Baseline vs Random,0.204,89,68,0.1102,768,0,
Qwen3,hub+Prompt,5,Baseline vs Clinical,0.585,268,181,0.0,768,0,
Qwen3,hub+Prompt,5,Random vs Clinical,0.388,150,148,0.9538,768,0,
Qwen3,hub+Prompt,5,Baseline vs Random,0.548,253,168,0.0,768,0,
Qwen3,hub+Prompt,10,Baseline vs Clinical,0.725,337,220,0.0,768,0,
Qwen3,hub+Prompt,10,Random vs Clinical,0.259,95,104,0.5708,768,0,
Qwen3,hub+Prompt,10,Baseline vs Random,0.674,322,196,0.0,768,0,
Qwen3,hub+Prompt+Net,5,Baseline vs Clinical,0.628,299,183,0.0,768,0,
Qwen3,hub+Prompt+Net,5,Random vs Clinical,0.345,129,136,0.7125,768,0,
Qwen3,hub+Prompt+Net,5,Baseline vs Random,0.624,301,178,0.0,768,0,
Qwen3,hub+Prompt+Net,10,Baseline vs Clinical,0.745,357,215,0.0,768,0,
Qwen3,hub+Prompt+Net,10,Random vs Clinical,0.208,90,70,0.1328,768,0,
Qwen3,hub+Prompt+Net,10,Baseline vs Random,0.708,333,211,0.0,768,0,
Luna,Hub,5,Baseline vs Clinical,0.202,78,77,1.0,767,1,
Luna,Hub,5,Random vs Clinical,0.239,97,85,0.4149,762,6,
Luna,Hub,5,Baseline vs Random,0.186,65,77,0.356,763,5,
Luna,Hub,10,Baseline vs Clinical,0.226,88,85,0.8792,766,2,
Luna,Hub,10,Random vs Clinical,0.171,53,78,0.0356,765,3,
Luna,Hub,10,Baseline vs Random,0.13,64,36,0.0066,767,1,
Luna,hub+Prompt,5,Baseline vs Clinical,0.367,179,102,0.0,766,2,
Luna,hub+Prompt,5,Random vs Clinical,0.284,123,94,0.0571,765,3,
Luna,hub+Prompt,5,Baseline vs Random,0.261,124,76,0.0008,767,1,
Luna,hub+Prompt,10,Baseline vs Clinical,0.436,201,134,0.0003,768,0,
Luna,hub+Prompt,10,Random vs Clinical,0.277,103,109,0.7314,766,2,
Luna,hub+Prompt,10,Baseline vs Random,0.325,160,89,0.0,766,2,
Luna,hub+Prompt+Net,5,Baseline vs Clinical,0.395,197,106,0.0,768,0,
Luna,hub+Prompt+Net,5,Random vs Clinical,0.247,116,74,0.0028,768,0,
Luna,hub+Prompt+Net,5,Baseline vs Random,0.249,120,71,0.0005,768,0,
Luna,hub+Prompt+Net,10,Baseline vs Clinical,0.462,223,132,0.0,768,0,
Luna,hub+Prompt+Net,10,Random vs Clinical,0.247,109,80,0.0414,765,3,
Luna,hub+Prompt+Net,10,Baseline vs Random,0.346,163,102,0.0002,765,3,
